City_ID,City,Cloudiness,Country,Date,Humidity,Lat,Lng,Max Temp,Wind Speed
0,Bluff,19,NZ,2022-03-27 18:24:52,90,-46.6,168.3333,53.08,2.53
1,Albany,100,US,2022-03-27 18:24:52,58,42.6001,-73.9662,38.39,3.0
2,Mount Gambier,75,AU,2022-03-27 18:24:53,94,-37.8333,140.7667,60.71,5.75
3,Punta Arenas,0,CL,2022-03-27 18:23:11,57,-53.15,-70.9167,50.11,27.63
4,Souillac,40,MU,2022-03-27 18:21:18,83,-20.5167,57.5167,79.18,0.0
5,Straumen,100,NO,2022-03-27 18:24:54,92,63.8709,11.2999,44.6,26.31
6,Swan Hill,60,AU,2022-03-27 18:24:54,47,-35.3378,143.5544,67.95,4.65
7,Busselton,0,AU,2022-03-27 18:24:55,70,-33.65,115.3333,58.21,14.56
8,Umm Lajj,15,SA,2022-03-27 18:24:55,54,25.0213,37.2685,72.5,19.44
9,Sistranda,100,NO,2022-03-27 18:24:56,91,63.7256,8.834,44.56,43.73
10,Bandarbeyla,2,SO,2022-03-27 18:24:56,72,9.4942,50.8122,78.93,15.21
11,Kantunilkin,12,MX,2022-03-27 18:24:57,26,21.0917,-87.45,85.95,8.5
12,Nara,75,JP,2022-03-27 18:24:57,60,34.6851,135.8049,51.49,3.11
13,Novomikhaylovskiy,100,RU,2022-03-27 18:24:58,71,44.2581,38.8578,42.51,7.81
14,Waipawa,100,NZ,2022-03-27 18:24:59,90,-41.4122,175.5153,53.82,7.0
15,Kenora,0,CA,2022-03-27 18:21:22,37,49.8167,-94.4337,11.37,5.75
16,Barrow,0,US,2022-03-27 18:24:59,71,71.2906,-156.7887,-2.18,20.71
17,Port-Gentil,75,GA,2022-03-27 18:25:00,89,-0.7193,8.7815,82.36,10.36
18,Richards Bay,31,ZA,2022-03-27 18:25:00,88,-28.783,32.0377,71.04,5.01
19,Atuona,35,PF,2022-03-27 18:25:00,79,-9.8,-139.0333,79.11,16.69
20,Yellowknife,20,CA,2022-03-27 18:25:01,66,62.456,-114.3525,6.42,8.05
21,Hobart,94,AU,2022-03-27 18:21:58,75,-42.8794,147.3294,61.05,5.75
22,Santa Isabel Do Rio Negro,100,BR,2022-03-27 18:25:02,75,-0.4139,-65.0192,81.3,3.11
23,Qui Nhon,73,VN,2022-03-27 18:25:03,89,13.7667,109.2333,77.34,3.47
24,Vardo,40,NO,2022-03-27 18:25:03,93,70.3705,31.1107,19.38,10.36
25,Ketchikan,20,US,2022-03-27 18:24:38,70,55.3422,-131.6461,45.07,10.36
26,Saint-Philippe,90,RE,2022-03-27 18:25:04,87,-21.3585,55.7679,78.39,9.22
27,Chuy,9,UY,2022-03-27 18:25:04,36,-33.6971,-53.4616,81.28,12.37
28,Quatre Cocos,14,MU,2022-03-27 18:25:05,75,-20.2078,57.7625,78.91,8.72
29,Broome,100,US,2022-03-27 18:25:05,72,42.2506,-75.833,33.39,17.27
30,Jamestown,100,US,2022-03-27 18:25:06,64,42.097,-79.2353,24.53,25.32
31,Vila Velha,20,BR,2022-03-27 18:24:38,71,-20.3297,-40.2925,89.55,16.11
32,Iqaluit,100,CA,2022-03-27 18:25:07,100,63.7506,-68.5145,19.13,3.44
33,Qaanaaq,100,GL,2022-03-27 18:25:07,78,77.484,-69.3632,8.17,5.97
34,Rikitea,3,PF,2022-03-27 18:25:08,70,-23.1203,-134.9692,78.75,11.48
35,Padang,40,ID,2022-03-27 18:21:36,71,-0.9492,100.3543,75.51,4.36
36,Taoudenni,2,ML,2022-03-27 18:25:09,17,22.6783,-3.9836,96.4,1.45
37,Port Elizabeth,0,ZA,2022-03-27 18:21:11,90,-33.918,25.5701,73.09,14.97
38,Klaksvik,53,FO,2022-03-27 18:20:11,87,62.2266,-6.589,49.12,20.22
39,Roma,100,US,2022-03-27 18:21:21,79,43.2128,-75.4557,33.73,19.57
40,Xilagani,0,GR,2022-03-27 18:25:10,81,40.9833,25.4167,52.9,1.07
41,Mataura,10,NZ,2022-03-27 18:25:11,98,-46.1927,168.8643,47.44,1.48
42,Tasiilaq,100,GL,2022-03-27 18:25:11,77,65.6145,-37.6368,32.16,11.27
43,Bredasdorp,90,ZA,2022-03-27 18:25:12,82,-34.5322,20.0403,65.62,5.84
44,Ilulissat,0,GL,2022-03-27 18:25:12,43,69.2167,-51.1,28.42,8.05
45,Harbour Breton,100,CA,2022-03-27 18:26:13,96,47.4833,-55.7983,37.76,20.33
46,Kaitangata,19,NZ,2022-03-27 18:26:14,95,-46.2817,169.8464,49.55,2.06
47,Itarema,93,BR,2022-03-27 18:26:14,77,-2.9248,-39.9167,82.45,11.12
48,Cayenne,75,GF,2022-03-27 18:26:15,1,4.9333,-52.3333,86.04,17.27
49,Faanui,51,PF,2022-03-27 18:26:15,73,-16.4833,-151.75,81.59,13.35
50,Pajapan,47,MX,2022-03-27 18:26:16,47,18.25,-94.7,71.76,7.76
51,Adre,29,TD,2022-03-27 18:26:16,9,13.4667,22.2,76.37,13.87
52,Sitka,20,US,2022-03-27 18:21:53,70,57.0531,-135.33,39.09,0.0
53,Chiredzi,76,ZW,2022-03-27 18:26:17,96,-21.05,31.6667,67.93,3.85
54,Pevek,89,RU,2022-03-27 18:24:21,100,69.7008,170.3133,-17.23,7.16
55,Waddan,1,LY,2022-03-27 18:26:18,8,29.1614,16.139,73.58,9.44
56,Ayr,0,GB,2022-03-27 18:26:18,67,55.4627,-4.6339,58.89,3.44
57,Dikson,15,RU,2022-03-27 18:26:19,97,73.5069,80.5464,-14.62,4.99
58,Jiuquan,52,CN,2022-03-27 18:26:19,18,39.7432,98.5174,46.13,3.67
59,Ushuaia,75,AR,2022-03-27 18:25:09,50,-54.8,-68.3,49.66,14.97
60,Vaini,40,TO,2022-03-27 18:26:20,94,-21.2,-175.2,77.16,6.91
61,Carnarvon,40,AU,2022-03-27 18:21:27,78,-24.8667,113.6333,71.67,4.61
62,Lorengau,76,PG,2022-03-27 18:23:49,80,-2.0226,147.2712,79.88,6.02
63,Northam,0,GB,2022-03-27 18:26:21,72,51.0333,-4.2167,57.25,7.0
64,Pringsewu,71,ID,2022-03-27 18:26:21,97,-5.3582,104.9744,73.22,1.12
65,Alta Floresta,75,BR,2022-03-27 18:26:22,70,-9.8756,-56.0861,85.82,2.3
66,Dingle,64,PH,2022-03-27 18:26:22,89,10.9995,122.6711,76.53,6.62
67,Samarinda,100,ID,2022-03-27 18:26:23,99,-0.5,117.15,72.43,0.67
68,Pangnirtung,20,CA,2022-03-27 18:26:24,85,66.1451,-65.7125,14.0,3.44
69,Yulara,39,AU,2022-03-27 18:26:24,22,-25.2406,130.9889,67.84,6.91
70,Quimper,0,FR,2022-03-27 18:26:25,36,48.0,-4.1,61.36,3.44
71,Mar Del Plata,0,AR,2022-03-27 18:22:28,59,-38.0023,-57.5575,75.22,24.0
72,Marabba,90,SD,2022-03-27 18:26:26,13,12.35,32.1833,86.99,14.14
73,Lerwick,54,GB,2022-03-27 18:26:26,86,60.1545,-1.1494,46.4,17.13
74,Egvekinot,28,RU,2022-03-27 18:26:26,92,66.3167,-179.1667,-7.76,6.26
75,Severo-Kurilsk,98,RU,2022-03-27 18:26:27,90,50.6789,156.125,32.61,13.69
76,Kodiak,100,US,2022-03-27 18:26:27,93,57.79,-152.4072,33.31,29.93
77,Somanda,74,TZ,2022-03-27 18:26:28,67,-3.3667,33.95,71.82,4.45
78,Tigil,100,RU,2022-03-27 18:26:28,81,57.8,158.6667,19.98,13.98
79,Cidreira,0,BR,2022-03-27 18:26:29,58,-30.1811,-50.2056,76.48,6.71
80,Kismayo,46,SO,2022-03-27 18:26:29,81,-0.3582,42.5454,81.97,12.03
81,Inta,100,RU,2022-03-27 18:26:30,74,66.0317,60.1659,17.98,16.35
82,Nikolskoye,89,RU,2022-03-27 18:22:12,86,59.7035,30.7861,26.8,3.89
83,Khonsa,0,IN,2022-03-27 18:26:31,72,27.0167,95.5667,61.21,4.94
84,Muskogee,0,US,2022-03-27 18:26:32,27,35.5834,-95.3336,66.27,13.8
85,Dzaoudzi,0,YT,2022-03-27 18:26:32,89,-12.7887,45.2699,78.69,3.44
86,Atar,71,MR,2022-03-27 18:26:33,9,20.5169,-13.0499,91.87,15.5
87,Hermanus,85,ZA,2022-03-27 18:27:33,67,-34.4187,19.2345,67.8,3.22
88,Tocopilla,9,CL,2022-03-27 18:27:34,61,-22.092,-70.1979,74.34,9.73
89,Santa Maria,75,BR,2022-03-27 18:25:34,53,-29.6842,-53.8069,78.1,5.75
90,Rodeo,0,US,2022-03-27 18:27:34,74,38.033,-122.2669,64.26,8.01
91,Saskylakh,100,RU,2022-03-27 18:27:35,99,71.9167,114.0833,-5.13,4.54
92,Upernavik,100,GL,2022-03-27 18:27:35,72,72.7868,-56.1549,27.12,1.9
93,Avarua,75,CK,2022-03-27 18:27:36,78,-21.2078,-159.775,82.45,6.91
94,Tuktoyaktuk,0,CA,2022-03-27 18:27:36,64,69.4541,-133.0374,-14.8,6.91
95,Fortuna,40,US,2022-03-27 18:27:37,93,40.5982,-124.1573,54.93,9.22
96,Bengkulu,23,ID,2022-03-27 18:27:37,89,-3.8004,102.2655,76.46,6.15
97,Esperance,100,AU,2022-03-27 18:27:38,69,-33.8667,121.9,62.44,12.75
98,Hay River,75,CA,2022-03-27 18:27:39,78,60.8156,-115.7999,-0.42,4.61
99,Arraial Do Cabo,75,BR,2022-03-27 18:27:39,89,-22.9661,-42.0278,84.16,16.11
100,Skibbereen,0,IE,2022-03-27 18:27:39,86,51.55,-9.2667,55.11,12.17
101,Provideniya,99,RU,2022-03-27 18:27:40,78,64.3833,-173.3,11.88,4.16
102,Matara,16,LK,2022-03-27 18:27:40,87,5.9485,80.5353,78.37,6.78
103,Huntsville,0,US,2022-03-27 18:26:19,31,34.7304,-86.5861,57.4,9.22
104,Comodoro Rivadavia,19,AR,2022-03-27 18:27:41,20,-45.8667,-67.5,71.46,26.46
105,Avera,2,US,2022-03-27 18:27:41,27,33.194,-82.5271,67.51,17.78
106,Puerto Ayora,55,EC,2022-03-27 18:27:42,76,-0.7393,-90.3518,84.16,11.45
107,Hammerfest,0,NO,2022-03-27 18:27:43,58,70.6634,23.6821,19.85,12.66
108,Mount Isa,3,AU,2022-03-27 18:27:43,28,-20.7333,139.5,73.17,8.05
109,Fukue,100,JP,2022-03-27 18:27:43,58,32.6881,128.8419,54.41,17.63
110,Anadyr,40,RU,2022-03-27 18:27:44,84,64.75,177.4833,-10.7,4.47
111,Cape Town,0,ZA,2022-03-27 18:24:47,46,-33.9258,18.4232,70.27,2.3
112,Port Alfred,63,ZA,2022-03-27 18:27:44,86,-33.5906,26.891,70.18,4.0
113,New Norfolk,99,AU,2022-03-27 18:27:45,64,-42.7826,147.0587,60.71,1.01
114,Standerton,0,ZA,2022-03-27 18:27:45,67,-26.9337,29.2415,64.62,9.33
115,Sechura,100,PE,2022-03-27 18:27:46,54,-5.5569,-80.8222,83.55,9.04
116,Tiksi,77,RU,2022-03-27 18:27:46,100,71.6872,128.8694,-15.12,5.75
117,Victoria,100,HK,2022-03-27 18:27:04,85,22.2855,114.1577,67.24,11.01
118,Hoquiam,100,US,2022-03-27 18:27:47,96,46.9809,-123.8893,55.85,0.0
119,Thompson,0,CA,2022-03-27 18:26:35,39,55.7435,-97.8558,5.16,5.75
120,Norman Wells,100,CA,2022-03-27 18:27:48,78,65.282,-126.8329,1.44,4.61
121,Naze,64,JP,2022-03-27 18:27:48,59,28.3667,129.4833,59.92,13.51
122,Baykit,100,RU,2022-03-27 18:27:49,94,61.67,96.37,8.06,5.95
123,Athabasca,98,CA,2022-03-27 18:27:49,85,54.7169,-113.2854,28.81,3.04
124,Asau,87,RO,2022-03-27 18:27:49,52,46.4333,26.4,38.32,2.37
125,Myshkin,92,RU,2022-03-27 18:27:50,76,57.7897,38.4545,19.69,15.7
126,Joshimath,0,IN,2022-03-27 18:27:51,45,30.5667,79.5667,55.63,6.55
127,Cabo San Lucas,75,MX,2022-03-27 18:27:51,29,22.8909,-109.9124,87.1,3.44
128,Kumano,100,JP,2022-03-27 18:27:52,64,34.3442,132.5894,52.72,12.64
129,Punta De Piedra,98,VE,2022-03-27 18:27:52,47,7.6176,-71.4916,88.95,1.43
130,Bilibino,100,RU,2022-03-27 18:27:53,100,68.0546,166.4372,-7.56,1.19
131,Butaritari,82,KI,2022-03-27 18:27:53,70,3.0707,172.7902,80.04,8.39
132,Castro,16,BR,2022-03-27 18:27:54,61,-24.7911,-50.0119,77.63,3.89
133,Labuhan,97,ID,2022-03-27 18:28:54,89,-6.8844,112.2051,77.86,6.53
134,Kalmunai,3,LK,2022-03-27 18:28:54,79,7.4167,81.8167,80.2,4.38
135,Vao,56,NC,2022-03-27 18:28:55,70,-22.6667,167.4833,76.53,17.47
136,Constitucion,57,CL,2022-03-27 18:28:55,58,-35.3333,-72.4167,66.87,16.51
137,Saldanha,31,ZA,2022-03-27 18:28:56,76,-33.0117,17.9442,68.05,5.06
138,Tuatapere,11,NZ,2022-03-27 18:28:56,94,-46.1333,167.6833,50.18,2.57
139,Ambon,40,ID,2022-03-27 18:28:57,94,-3.6954,128.1814,75.34,2.3
140,Aykhal,82,RU,2022-03-27 18:28:57,100,66.0,111.5,-0.45,4.68
141,Pochutla,60,MX,2022-03-27 18:28:22,39,15.7432,-96.4661,87.62,9.22
142,Launceston,99,AU,2022-03-27 18:27:52,95,-41.45,147.1667,61.16,4.61
143,Mahon,40,ES,2022-03-27 18:28:58,88,39.8885,4.2658,57.76,6.91
144,Helong,2,CN,2022-03-27 18:28:58,74,42.5397,128.9972,25.47,7.09
145,Nanortalik,100,GL,2022-03-27 18:28:59,79,60.1432,-45.2371,32.11,1.77
146,Alofi,99,NU,2022-03-27 18:29:00,89,-19.0595,-169.9187,78.69,10.36
147,Saint George,0,US,2022-03-27 18:29:00,16,37.1041,-113.5841,76.62,1.99
148,Caramay,94,PH,2022-03-27 18:29:01,85,10.1815,119.236,78.39,2.93
149,Antofagasta,14,CL,2022-03-27 18:28:41,61,-23.65,-70.4,71.22,10.63
150,Natal,40,BR,2022-03-27 18:27:27,83,-5.795,-35.2094,84.85,14.97
151,Omsukchan,96,RU,2022-03-27 18:29:01,100,62.5333,155.8,-15.77,2.73
152,East London,0,ZA,2022-03-27 18:29:02,88,-33.0153,27.9116,68.94,10.36
153,Georgetown,20,MY,2022-03-27 18:29:02,87,5.4112,100.3354,84.13,6.91
154,Touros,57,BR,2022-03-27 18:29:03,66,-5.1989,-35.4608,85.17,12.88
155,Phalombe,100,MW,2022-03-27 18:29:04,98,-15.8064,35.6507,69.3,5.19
156,Haapiti,13,PF,2022-03-27 18:29:04,72,-17.5667,-149.8667,82.13,12.62
157,Husavik,100,IS,2022-03-27 18:29:05,64,66.0449,-17.3389,25.47,9.31
158,Khatanga,97,RU,2022-03-27 18:29:05,99,71.9667,102.5,-16.76,3.67
159,Gorontalo,100,ID,2022-03-27 18:29:06,95,0.5412,123.0595,75.31,2.89
160,Bubaque,70,GW,2022-03-27 18:29:06,67,11.2833,-15.8333,76.82,17.87
161,Grong,100,NO,2022-03-27 18:29:07,97,64.4654,12.3149,42.08,24.99
162,Urubamba,90,PE,2022-03-27 18:29:07,76,-13.3047,-72.1158,59.9,4.63
163,Baton Rouge,0,US,2022-03-27 18:27:10,47,30.4508,-91.1545,81.05,6.91
164,Tromso,0,NO,2022-03-27 18:29:08,54,69.6496,18.957,24.82,8.05
165,Trairi,100,BR,2022-03-27 18:29:08,75,-3.2778,-39.2689,83.5,10.63
166,Micheweni,26,TZ,2022-03-27 18:29:09,73,-4.9667,39.8333,82.9,9.78
167,Mandurah,3,AU,2022-03-27 18:29:09,71,-32.55,115.7,63.91,15.77
168,Berlevag,40,NO,2022-03-27 18:29:10,86,70.8578,29.0864,21.15,12.66
169,Sobolevo,75,RU,2022-03-27 18:29:10,62,54.4299,31.8996,24.6,14.29
170,Kapaa,40,US,2022-03-27 18:29:11,82,22.0752,-159.319,74.19,4.61
171,Merauke,100,ID,2022-03-27 18:29:11,89,-8.4667,140.3333,78.78,8.95
172,Hualmay,54,PE,2022-03-27 18:29:12,71,-11.0964,-77.6139,75.31,10.87
173,Camabatela,40,AO,2022-03-27 18:29:12,92,-8.1881,15.375,65.17,1.45
174,Nemuro,0,JP,2022-03-27 18:29:13,77,43.3236,145.575,33.73,16.33
175,Acapulco,75,MX,2022-03-27 18:29:14,39,16.8634,-99.8901,84.02,10.36
176,Nome,75,US,2022-03-27 18:28:17,73,64.5011,-165.4064,21.16,3.44
177,Codrington,100,AU,2022-03-27 18:29:14,78,-38.2667,141.9667,63.97,10.47
178,Riyadh,0,SA,2022-03-27 18:29:15,21,24.6877,46.7219,64.54,8.77
179,Jalu,0,LY,2022-03-27 18:30:15,15,29.0331,21.5482,66.04,9.35
180,Altay,99,CN,2022-03-27 18:30:16,97,47.8667,88.1167,30.67,0.54
181,La Ronge,100,CA,2022-03-27 18:30:16,32,55.1001,-105.2842,17.82,14.97
182,Hilo,75,US,2022-03-27 18:30:17,84,19.7297,-155.09,75.25,3.44
183,Vila Franca Do Campo,11,PT,2022-03-27 18:30:18,82,37.7167,-25.4333,63.01,11.43
184,Hamilton,75,US,2022-03-27 18:27:23,49,39.1834,-84.5333,41.43,13.8
185,Luchegorsk,88,RU,2022-03-27 18:30:19,88,46.4764,134.2569,28.62,8.48
186,Sakakah,0,SA,2022-03-27 18:30:19,15,29.9697,40.2064,58.57,7.29
187,Sol-Iletsk,100,RU,2022-03-27 18:30:20,99,51.1631,54.9918,34.36,21.25
188,Aklavik,0,CA,2022-03-27 18:30:21,77,68.2191,-135.0107,-7.6,2.3
189,Turtas,100,RU,2022-03-27 18:30:22,92,58.9417,69.1325,15.37,9.51
190,Pa Sang,7,TH,2022-03-27 18:30:23,34,18.5262,98.9394,84.85,1.95
191,Qaqortoq,100,GL,2022-03-27 18:30:24,71,60.7167,-46.0333,34.75,5.37
192,Fiumicino,0,IT,2022-03-27 18:30:24,48,41.7675,12.2291,64.49,2.3
193,Lichinga,75,MZ,2022-03-27 18:30:25,88,-13.3128,35.2406,69.89,6.91
194,Torbay,100,CA,2022-03-27 18:30:26,90,47.6666,-52.7314,43.29,17.27
195,Leningradskiy,8,RU,2022-03-27 18:30:26,91,69.3833,178.4167,-13.67,5.21
196,Polson,100,US,2022-03-27 18:30:27,63,47.6936,-114.1632,55.78,0.87
197,San Juan,37,AR,2022-03-27 18:25:53,15,-31.5375,-68.5364,85.42,7.36
198,Talas,0,TR,2022-03-27 18:30:28,60,38.6908,35.5538,34.47,4.61
199,Vetrni,0,CZ,2022-03-27 18:30:29,86,48.7743,14.2862,52.25,0.74
200,Opuwo,6,NA,2022-03-27 18:30:29,34,-18.0607,13.84,73.17,3.6
201,Grindavik,100,IS,2022-03-27 18:30:30,93,63.8424,-22.4338,39.67,18.41
202,Ponta Delgada,20,PT,2022-03-27 18:27:28,77,37.7333,-25.6667,63.32,17.27
203,Oistins,20,BB,2022-03-27 18:30:30,58,13.0667,-59.5333,86.09,19.57
204,Brazzaville,20,CG,2022-03-27 18:30:31,78,-4.2658,15.2832,80.96,4.61
205,Ribeira Grande,20,PT,2022-03-27 18:30:31,63,38.5167,-28.7,64.8,16.11
206,Astara,0,AZ,2022-03-27 18:30:32,70,38.5,48.6667,44.58,4.56
207,Lagoa,91,PT,2022-03-27 18:30:32,87,39.05,-27.9833,59.31,12.26
208,Bitung,49,ID,2022-03-27 18:30:33,82,1.4451,125.1824,76.05,6.35
209,Maldonado,0,UY,2022-03-27 18:30:33,29,-34.6667,-54.9167,76.39,13.24
210,Luderitz,0,NA,2022-03-27 18:30:34,64,-26.6481,15.1594,66.25,4.16
211,Biskamzha,100,RU,2022-03-27 18:30:34,91,53.4497,89.5272,12.02,4.14
212,Bambous Virieux,40,MU,2022-03-27 18:30:35,83,-20.3428,57.7575,79.05,0.0
213,Ballina,100,AU,2022-03-27 18:30:35,100,-28.8667,153.5667,69.01,6.91
214,Namatanai,100,PG,2022-03-27 18:30:36,84,-3.6667,152.4333,79.45,5.88
215,Cherskiy,100,RU,2022-03-27 18:30:36,99,68.75,161.3,-1.79,7.18
216,Liku,100,ID,2022-03-27 18:30:37,88,-0.7275,119.8922,75.4,1.92
217,Clyde River,100,CA,2022-03-27 18:30:37,78,70.4692,-68.5914,-1.97,8.05
218,Kavieng,99,PG,2022-03-27 18:30:38,77,-2.5744,150.7967,81.48,7.61
219,Storforshei,75,NO,2022-03-27 18:30:38,100,66.4043,14.5233,34.66,0.0
220,Vaitape,29,PF,2022-03-27 18:30:39,72,-16.5167,-151.75,81.97,14.05
221,Veraval,6,IN,2022-03-27 18:30:39,74,20.9,70.3667,78.46,12.88
222,Nalut,4,LY,2022-03-27 18:31:40,15,30.3333,10.85,75.51,12.15
223,Ostrovnoy,100,RU,2022-03-27 18:31:40,78,68.0531,39.5131,17.01,4.9
224,Vestmannaeyjar,100,IS,2022-03-27 18:31:41,93,63.4427,-20.2734,47.39,8.05
225,Conde,40,BR,2022-03-27 18:31:41,89,-7.2597,-34.9075,81.86,12.66
226,San Cristobal,100,VE,2022-03-27 18:30:16,63,7.7669,-72.225,75.38,6.06
227,Lasa,7,IT,2022-03-27 18:31:42,74,46.6166,10.7002,54.48,0.78
228,Hithadhoo,8,MV,2022-03-27 18:31:42,64,-0.6,73.0833,82.38,4.97
229,Zyryanka,78,RU,2022-03-27 18:31:43,100,65.75,150.85,-16.51,6.6
230,Goderich,100,CA,2022-03-27 18:31:43,67,43.7501,-81.7165,21.9,27.63
231,Broken Hill,68,AU,2022-03-27 18:31:44,63,-31.95,141.4333,62.31,0.0
232,Marawi,69,PH,2022-03-27 18:31:45,94,7.9986,124.2928,66.72,2.3
233,Tura,0,IN,2022-03-27 18:31:45,50,25.5198,90.2201,70.92,3.94
234,Ola,100,RU,2022-03-27 18:31:45,83,59.5833,151.2833,2.88,10.83
235,Lebu,0,CL,2022-03-27 18:31:46,67,-37.6167,-73.65,60.67,11.18
236,Ust-Kuyga,100,RU,2022-03-27 18:31:46,100,70.0167,135.6,-11.36,6.85
237,Mahebourg,40,MU,2022-03-27 18:31:47,83,-20.4081,57.7,79.09,0.0
238,Nhulunbuy,75,AU,2022-03-27 18:31:47,100,-12.2333,136.7667,77.61,1.14
239,Kieta,100,PG,2022-03-27 18:31:48,83,-6.2167,155.6333,79.03,2.64
240,Coihaique,100,CL,2022-03-27 18:31:48,81,-45.5752,-72.0662,49.95,10.36
241,Port Lincoln,96,AU,2022-03-27 18:31:48,79,-34.7333,135.8667,63.82,7.65
242,Ahipara,0,NZ,2022-03-27 18:31:49,79,-35.1667,173.1667,59.05,3.06
243,Beloha,99,MG,2022-03-27 18:31:49,91,-25.1667,45.05,72.34,11.21
244,Union,100,US,2022-03-27 18:31:50,48,40.6334,-74.2663,47.23,18.41
245,Russell,0,US,2022-03-27 18:31:50,26,32.3502,-85.1999,71.11,10.36
246,Road Town,20,VG,2022-03-27 18:31:51,65,18.4167,-64.6167,82.44,9.22
247,Brunswick,100,US,2022-03-27 18:28:51,70,41.2381,-81.8418,28.06,18.41
248,Maningrida,99,AU,2022-03-27 18:31:52,89,-12.0667,134.2667,75.92,2.8
249,Flinders,100,AU,2022-03-27 18:31:52,94,-34.5833,150.8552,67.37,5.01
250,Kahului,0,US,2022-03-27 18:31:52,58,20.8947,-156.47,77.85,8.01
251,Fairbanks,0,US,2022-03-27 18:30:32,81,64.8378,-147.7164,33.82,0.0
252,Geraldton,75,AU,2022-03-27 18:31:21,78,-28.7667,114.6,73.81,14.97
253,Ginda,4,IN,2022-03-27 18:31:53,28,30.6945,78.4932,56.64,7.63
254,Moss Point,0,US,2022-03-27 18:31:54,44,30.4116,-88.5345,81.43,9.22
255,Buchanan,100,LR,2022-03-27 18:31:55,83,5.8808,-10.0467,80.42,7.87
256,Coahuayana,23,MX,2022-03-27 18:31:55,24,18.7333,-103.6833,91.38,7.7
257,Maceio,75,BR,2022-03-27 18:31:55,69,-9.6658,-35.7353,83.64,17.27
258,Schwechat,0,AT,2022-03-27 18:29:15,47,48.1333,16.4667,58.12,6.91
259,Alyangula,100,AU,2022-03-27 18:31:56,94,-13.8483,136.4192,75.07,0.0
260,Porto Walter,99,BR,2022-03-27 18:31:57,94,-8.2686,-72.7439,77.86,1.63
261,Toma,60,BF,2022-03-27 18:31:57,10,12.7667,-2.8833,93.27,8.43
262,Upata,100,VE,2022-03-27 18:31:46,41,8.0086,-62.3989,89.85,10.29
263,Airai,98,TL,2022-03-27 18:31:58,90,-8.9266,125.4092,59.97,0.92
264,Jieshi,100,CN,2022-03-27 18:31:59,83,22.8134,115.8257,62.94,18.7
265,Salalah,0,OM,2022-03-27 18:31:59,51,17.0151,54.0924,82.49,1.14
266,Dom Pedrito,0,BR,2022-03-27 18:31:59,43,-30.9828,-54.6731,79.59,6.4
267,Paamiut,100,GL,2022-03-27 18:32:00,73,61.994,-49.6678,30.78,2.01
268,Lompoc,100,US,2022-03-27 18:32:00,70,34.6391,-120.4579,65.59,17.27
269,Ruteng,100,ID,2022-03-27 18:32:01,90,-8.6136,120.4721,61.21,0.72
270,Barinas,100,VE,2022-03-27 18:32:01,46,8.6226,-70.2075,91.44,8.05
271,Tres Passos,0,BR,2022-03-27 18:33:02,52,-27.4556,-53.9319,76.84,3.47
272,Naryan-Mar,100,RU,2022-03-27 18:33:02,94,67.6713,53.087,7.41,18.25
273,Sheltozero,17,RU,2022-03-27 18:33:03,89,61.3667,35.3667,17.1,7.94
274,Flin Flon,75,CA,2022-03-27 18:33:03,31,54.7682,-101.865,12.04,8.05
275,Jaguaquara,85,BR,2022-03-27 18:33:04,68,-13.5306,-39.9708,78.66,8.46
276,Port Macquarie,75,AU,2022-03-27 18:33:04,100,-31.4333,152.9167,66.09,0.0
277,Yuzhne,100,UA,2022-03-27 18:33:05,43,46.6221,31.1013,42.21,12.08
278,Marang,8,MY,2022-03-27 18:33:06,84,5.2056,103.2059,80.51,3.24
279,Izumo,100,JP,2022-03-27 18:33:06,60,35.3667,132.7667,51.75,12.5
280,Wajir,75,KE,2022-03-27 18:33:07,51,1.7471,40.0573,89.56,0.0
281,Verkhnyaya Inta,100,RU,2022-03-27 18:33:07,74,65.9811,60.3094,19.49,16.55
282,Rock Sound,2,BS,2022-03-27 18:31:52,58,24.9,-76.2,73.62,16.51
283,Ponta Do Sol,31,PT,2022-03-27 18:33:08,81,32.6667,-17.1,63.01,5.3
284,Luanda,40,AO,2022-03-27 18:31:07,83,-8.8368,13.2343,82.4,13.8
285,Bethel,100,US,2022-03-27 18:33:09,55,41.3712,-73.414,45.54,12.66
286,Chernyshevskiy,100,RU,2022-03-27 18:33:09,100,63.0128,112.4714,3.29,2.77
287,Hambantota,0,LK,2022-03-27 18:33:10,100,6.1241,81.1185,77.34,4.61
288,Nieuw Amsterdam,40,SR,2022-03-27 18:33:10,67,5.8833,-55.0833,88.02,17.27
289,Abu Dhabi,0,AE,2022-03-27 18:29:56,63,24.4667,54.3667,73.42,10.36
290,Arman,99,RU,2022-03-27 18:33:11,85,59.7,150.1667,0.68,10.67
291,Seinajoki,100,FI,2022-03-27 18:33:12,77,62.7945,22.8282,26.35,10.36
292,Linxia,5,CN,2022-03-27 18:33:12,32,35.6003,103.2064,42.3,0.94
293,Rochegda,100,RU,2022-03-27 18:33:13,79,62.8,43.25,16.59,12.8
294,Chake Chake,5,TZ,2022-03-27 18:33:13,76,-5.2459,39.7666,81.57,9.04
295,Hofn,100,IS,2022-03-27 18:33:14,71,64.2539,-15.2082,35.17,12.26
296,Jinchang,0,CN,2022-03-27 18:33:14,23,38.4953,102.1739,46.49,5.59
297,Fort Walton Beach,0,US,2022-03-27 18:31:07,44,30.4058,-86.6188,80.46,8.05
298,Paso De Carrasco,0,UY,2022-03-27 18:28:26,43,-34.8603,-56.0522,79.25,13.8
299,San Jose,75,US,2022-03-27 18:30:59,64,37.3394,-121.895,66.47,11.5
300,Charters Towers,0,AU,2022-03-27 18:33:15,90,-20.1,146.2667,70.25,2.82
301,Raudeberg,88,NO,2022-03-27 18:29:30,86,61.9875,5.1352,46.87,24.25
302,Ojinaga,0,MX,2022-03-27 18:33:16,12,29.5667,-104.4167,92.57,0.0
303,Darhan,100,MN,2022-03-27 18:33:16,65,49.4867,105.9228,29.91,9.26
304,Grand-Santi,99,GF,2022-03-27 18:33:17,64,4.25,-54.3833,85.48,5.26
305,Kupang,81,ID,2022-03-27 18:33:17,88,-10.1667,123.5833,77.23,2.17
306,Urumqi,0,CN,2022-03-27 18:33:18,81,43.801,87.6005,40.15,6.71
307,Nouadhibou,100,MR,2022-03-27 18:33:18,77,20.931,-17.0347,67.98,9.22
308,Belaya Gora,61,RU,2022-03-27 18:33:19,100,68.5333,146.4167,-18.51,5.21
309,Jumla,1,NP,2022-03-27 18:33:19,50,29.2747,82.1838,47.41,2.75
310,Kyzyl-Suu,100,KG,2022-03-27 18:33:20,82,42.3414,78.0056,31.8,3.87
311,Sur,0,OM,2022-03-27 18:33:20,50,22.5667,59.5289,80.76,6.93
312,Vila,100,PT,2022-03-27 18:33:21,77,42.0304,-8.1588,54.48,1.23
313,Nova Olimpia,99,BR,2022-03-27 18:33:21,62,-14.7972,-57.2881,87.24,3.87
314,Caxito,100,AO,2022-03-27 18:31:38,97,-8.5785,13.6643,76.12,8.81
315,Meulaboh,94,ID,2022-03-27 18:33:22,84,4.1363,96.1285,77.68,3.04
316,Alihe,100,CN,2022-03-27 18:34:23,96,50.5667,123.7167,16.23,2.21
317,Nizhniy Kuranakh,100,RU,2022-03-27 18:34:23,93,58.8353,125.4869,10.4,3.13
318,Amapa,100,BR,2022-03-27 18:34:24,98,1.0,-52.0,75.13,3.58
319,Itaituba,20,BR,2022-03-27 18:30:37,58,-4.2761,-55.9836,91.56,4.61
320,Harper,99,LR,2022-03-27 18:34:24,82,4.375,-7.7169,81.28,7.96
321,Assiniboia,20,CA,2022-03-27 18:34:25,35,49.6334,-105.9845,35.42,12.66
322,Oriximina,100,BR,2022-03-27 18:34:25,70,-1.7656,-55.8661,84.85,1.1
323,Parrita,73,CR,2022-03-27 18:34:26,61,9.5201,-84.3225,100.26,7.25
324,Biak,100,ID,2022-03-27 18:34:26,84,-0.9131,122.8766,76.24,1.48
325,Port Augusta,89,AU,2022-03-27 18:34:27,52,-32.5,137.7667,68.76,9.89
326,Kaeo,6,NZ,2022-03-27 18:34:27,92,-35.1,173.7833,56.32,4.72
327,Tambopata,40,PE,2022-03-27 18:34:28,69,-12.7333,-69.1833,80.49,4.61
328,Panshi,0,CN,2022-03-27 18:34:28,55,42.9422,126.0561,30.76,4.61
329,Sohna,0,IN,2022-03-27 18:34:29,11,28.25,77.0667,77.23,3.09
330,Rocha,0,UY,2022-03-27 18:34:29,26,-34.4833,-54.3333,81.48,12.75
331,Novoorsk,10,RU,2022-03-27 18:29:50,95,51.381,58.9813,34.45,12.97
332,Acarau,100,BR,2022-03-27 18:34:30,78,-2.8856,-40.12,82.33,12.08
333,Yar-Sale,100,RU,2022-03-27 18:33:15,97,66.8333,70.8333,13.06,11.74
334,Ocampo,2,MX,2022-03-27 18:34:30,10,21.65,-101.5,73.94,6.4
335,Buala,100,SB,2022-03-27 18:34:31,84,-8.145,159.5921,79.0,3.38
336,Mount Vernon,100,US,2022-03-27 18:34:31,47,40.9126,-73.8371,47.16,19.57
337,Alcaniz,0,ES,2022-03-27 18:34:32,53,41.05,-0.1333,54.34,9.01
338,Hobara,34,JP,2022-03-27 18:34:32,71,37.8167,140.55,42.37,2.71
339,Matane,100,CA,2022-03-27 18:31:16,98,48.8286,-67.522,32.31,6.93
340,Miles City,0,US,2022-03-27 18:34:33,30,46.4083,-105.8406,52.77,16.11
341,North Bend,100,US,2022-03-27 18:34:33,97,43.4065,-124.2243,57.16,4.61
342,Puerto Leguizamo,100,CO,2022-03-27 18:34:34,99,-0.1934,-74.7819,72.14,0.85
343,Puerto Carreno,100,CO,2022-03-27 18:34:34,33,6.189,-67.4859,98.17,2.15
344,Ixtapa,0,MX,2022-03-27 18:34:35,61,20.7,-105.2,76.23,9.22
345,Bafoulabe,33,ML,2022-03-27 18:34:35,11,13.8065,-10.8321,100.8,4.74
346,Malartic,100,CA,2022-03-27 18:34:36,83,48.1335,-78.1328,3.31,11.86
347,Pinawa,14,CA,2022-03-27 18:34:36,51,50.1489,-95.8811,16.72,6.24
348,Sabha,0,LY,2022-03-27 18:30:18,8,27.0377,14.4283,70.81,11.88
349,Pedasi,98,PA,2022-03-27 18:34:36,68,7.5333,-80.0333,95.07,14.25
350,Inverell,100,AU,2022-03-27 18:34:37,97,-29.7833,151.1167,64.67,3.0
351,Sao Gabriel Da Cachoeira,100,BR,2022-03-27 18:34:38,94,-0.1303,-67.0892,78.31,2.48
352,Canutama,82,BR,2022-03-27 18:34:38,79,-6.5339,-64.3831,83.14,1.88
353,Lavrentiya,99,RU,2022-03-27 18:34:39,82,65.5833,-171.0,7.81,4.34
354,Valparaiso,0,CL,2022-03-27 18:34:39,59,-33.0393,-71.6273,65.84,13.8
355,Abu Zabad,81,SD,2022-03-27 18:34:40,12,12.35,29.25,77.61,16.02
356,Hokitika,4,NZ,2022-03-27 18:34:40,76,-42.7167,170.9667,56.93,4.38
357,Coruripe,100,BR,2022-03-27 18:34:40,76,-10.1256,-36.1756,81.9,12.66
358,Guerrero Negro,100,MX,2022-03-27 18:34:41,48,27.9769,-114.0611,70.63,9.33
359,Port Blair,20,IN,2022-03-27 18:34:41,94,11.6667,92.75,80.64,2.3
360,Batagay,57,RU,2022-03-27 18:34:42,98,67.6333,134.6333,-13.23,4.54
361,Horizonte,99,BR,2022-03-27 18:33:33,82,-4.1,-38.4833,85.41,6.06
362,Solnechnyy,100,RU,2022-03-27 18:34:42,79,50.7214,136.6319,15.46,8.57
363,Roseburg,100,US,2022-03-27 18:35:43,79,43.2165,-123.3417,57.38,0.0
364,Puerto Escondido,75,MX,2022-03-27 18:35:43,70,15.85,-97.0667,85.03,6.91
365,Tiarei,58,PF,2022-03-27 18:35:44,75,-17.5333,-149.3333,84.22,15.55
366,Longyearbyen,20,SJ,2022-03-27 18:35:44,66,78.2186,15.6401,8.44,11.5
367,Chicama,100,PE,2022-03-27 18:35:45,56,-7.8447,-79.1469,72.14,9.71
368,Talnakh,100,RU,2022-03-27 18:35:45,90,69.4865,88.3972,2.21,4.97
369,Atambua,99,ID,2022-03-27 18:35:45,88,-9.1061,124.8925,72.55,2.04
370,Leshukonskoye,100,RU,2022-03-27 18:35:46,74,64.8989,45.7622,13.15,13.33
371,Karratha,100,AU,2022-03-27 18:35:46,66,-20.7377,116.8463,82.04,8.37
372,Tsiroanomandidy,100,MG,2022-03-27 18:35:47,95,-18.7667,46.0333,69.3,0.63
373,Semey,100,KZ,2022-03-27 18:35:47,98,50.4111,80.2275,33.87,13.87
374,Puerto El Triunfo,46,SV,2022-03-27 18:35:48,45,13.2833,-88.55,94.12,12.06
375,Sao Joao Da Barra,0,BR,2022-03-27 18:35:48,80,-21.6403,-41.0511,89.69,14.83
376,Kotelnikovo,100,RU,2022-03-27 18:35:49,59,47.6317,43.1461,34.3,18.95
377,Dembi Dolo,90,ET,2022-03-27 18:35:49,29,8.5333,34.8,72.18,4.23
378,Tual,100,ID,2022-03-27 18:35:50,79,-5.6667,132.75,80.33,13.4
379,Vilyuysk,100,RU,2022-03-27 18:33:15,99,63.7553,121.6247,6.22,1.07
380,Oyama,96,JP,2022-03-27 18:35:51,79,36.3,139.8,56.59,3.31
381,Constantine,40,DZ,2022-03-27 18:35:51,76,36.365,6.6147,54.81,9.22
382,Dakar,0,SN,2022-03-27 18:32:08,78,14.6937,-17.4441,76.08,13.8
383,Istok,2,XK,2022-03-27 18:35:52,61,42.7808,20.4875,49.37,6.04
384,Puerto Ayacucho,98,VE,2022-03-27 18:35:52,56,5.6639,-67.6236,88.79,7.94
385,Casper,0,US,2022-03-27 18:35:52,37,42.8666,-106.3131,54.19,5.75
386,Samarai,100,PG,2022-03-27 18:35:53,79,-10.6167,150.6667,81.27,5.03
387,Lata,100,PT,2022-03-27 18:35:54,60,40.1629,-8.3327,67.82,8.61
388,Mandera,22,KE,2022-03-27 18:35:54,22,3.9366,41.867,91.2,10.87
389,Mersing,86,MY,2022-03-27 18:35:55,94,2.4312,103.8405,76.91,5.75
390,Bayangol,100,RU,2022-03-27 18:35:55,96,50.6977,103.4656,11.12,4.14
391,Faya,0,SA,2022-03-27 18:35:55,50,18.3851,42.4509,64.51,6.87
392,Killin,0,US,2022-03-27 18:35:56,29,33.6123,-91.7412,64.49,12.66
393,Urazovo,100,RU,2022-03-27 18:35:56,68,50.0836,38.0395,29.23,15.5
394,Namibe,95,AO,2022-03-27 18:35:57,72,-15.1961,12.1522,72.91,16.46
395,Noumea,61,NC,2022-03-27 18:35:57,81,-22.2763,166.4572,69.78,10.49
396,Marshall,0,US,2022-03-27 18:34:38,34,34.3834,-86.3333,59.32,4.0
397,Chokurdakh,88,RU,2022-03-27 18:35:58,100,70.6333,147.9167,-10.97,6.26
398,Katsuura,69,JP,2022-03-27 18:35:58,84,35.1333,140.3,55.78,13.13
399,Baruun-Urt,100,MN,2022-03-27 18:35:59,33,46.6806,113.2792,28.63,5.88
400,Homburg,0,DE,2022-03-27 18:35:59,38,49.3167,7.3333,59.54,5.75
401,Hasaki,100,JP,2022-03-27 18:36:00,69,35.7333,140.8333,50.29,13.47
402,Bokoro,52,TD,2022-03-27 18:36:00,9,12.3807,17.0568,83.23,13.73
403,Narsaq,100,GL,2022-03-27 18:36:01,60,60.9167,-46.05,41.22,10.33
404,Kangaatsiaq,36,GL,2022-03-27 18:36:02,77,68.3065,-53.4641,20.82,11.79
405,Channel-Port Aux Basques,100,CA,2022-03-27 18:36:02,99,47.5702,-59.1367,35.76,14.36
406,Juba,95,SS,2022-03-27 18:36:03,64,4.8517,31.5825,80.92,10.87
407,Westport,100,US,2022-03-27 18:34:33,49,41.1415,-73.3579,47.75,17.27
408,Dayong,100,CN,2022-03-27 18:36:04,75,25.0209,118.2898,57.69,3.96
409,Kawalu,100,ID,2022-03-27 18:36:04,98,-7.3817,108.2082,72.43,1.52
410,Semnan,0,IR,2022-03-27 18:37:05,27,35.5729,53.3971,50.81,5.01
411,Makat,100,KZ,2022-03-27 18:37:05,74,47.6469,53.3463,42.06,21.07
412,Gevrai,5,IN,2022-03-27 18:37:06,18,19.2667,75.75,88.99,7.81
413,Uaua,100,BR,2022-03-27 18:37:07,47,-9.8414,-39.4817,86.22,12.91
414,Porto Velho,75,BR,2022-03-27 18:32:41,66,-8.7619,-63.9039,86.05,3.44
415,Manbij,0,SY,2022-03-27 18:34:01,47,36.5281,37.9549,45.09,10.76
416,Fort Collins,0,US,2022-03-27 18:35:00,43,40.5853,-105.0844,73.24,3.44
417,Wanning,100,CN,2022-03-27 18:37:10,95,18.8003,110.3967,71.87,9.19
418,Washington,100,US,2022-03-27 18:37:10,54,47.5001,-120.5015,58.57,2.82
419,Tabuk,10,PH,2022-03-27 18:37:11,87,17.4189,121.4443,73.18,2.55
420,Suntar,96,RU,2022-03-27 18:37:11,100,62.1444,117.6319,-2.38,2.26
421,Shieli,5,KZ,2022-03-27 18:37:12,60,44.1667,66.75,40.17,4.27
422,Bachaquero,100,VE,2022-03-27 18:37:12,69,9.9694,-71.1494,85.37,8.63
423,Lundazi,24,ZM,2022-03-27 18:37:13,92,-12.2929,33.1782,65.3,5.77
424,Mega,5,ET,2022-03-27 18:37:13,63,4.05,38.3,65.35,5.55
425,Palmas,40,BR,2022-03-27 18:37:14,58,-10.2128,-48.3603,89.47,4.61
426,Tokur,100,RU,2022-03-27 18:37:14,98,53.1333,132.9,0.05,1.68
427,Havre-Saint-Pierre,100,CA,2022-03-27 18:37:15,93,50.2334,-63.5986,34.16,25.32
428,Ust-Koksa,100,RU,2022-03-27 18:37:15,97,50.2696,85.6108,27.82,1.86
429,Aasiaat,51,GL,2022-03-27 18:37:16,76,68.7098,-52.8699,21.58,11.97
430,Maxixe,40,MZ,2022-03-27 18:37:16,94,-23.8597,35.3472,75.02,3.44
431,Maniitsoq,45,GL,2022-03-27 18:37:17,76,65.4167,-52.9,29.64,1.39
432,Dolores,1,AR,2022-03-27 18:37:17,31,-36.3132,-57.6792,79.9,14.12
433,Mancio Lima,100,BR,2022-03-27 18:37:18,94,-7.6142,-72.8958,77.07,2.3
434,Gawler,100,AU,2022-03-27 18:36:13,45,-34.6,138.7333,67.48,1.92
435,Kruisfontein,100,ZA,2022-03-27 18:37:19,84,-34.0033,24.7314,70.88,9.98
436,Taksimo,100,RU,2022-03-27 18:33:11,88,56.3444,114.8794,9.57,3.53
437,Madang,89,PG,2022-03-27 18:37:20,89,-5.2246,145.7966,76.93,1.72
438,Poum,37,NC,2022-03-27 18:37:20,75,-20.2333,164.0167,80.26,14.09
439,Artyom,0,AZ,2022-03-27 18:37:21,59,40.4723,50.333,51.94,29.44
440,Cadillac,100,US,2022-03-27 18:37:22,53,44.2519,-85.4012,21.79,23.02
441,Sandpoint,0,US,2022-03-27 18:37:22,60,48.2766,-116.5533,57.85,9.22
442,Guanica,98,PR,2022-03-27 18:37:23,61,17.9716,-66.908,84.51,7.52
443,Pokhara,0,NP,2022-03-27 18:37:23,22,28.2333,83.9833,67.06,7.36
444,Krasnyy Chikoy,83,RU,2022-03-27 18:37:23,96,50.3643,108.7512,15.82,1.5
445,Lewiston,75,US,2022-03-27 18:37:25,57,44.1003,-70.2148,49.24,6.91
446,Verkhoyansk,50,RU,2022-03-27 18:37:25,99,67.5447,133.385,-17.39,2.26
447,Jinhua,100,CN,2022-03-27 18:37:26,96,29.1078,119.6547,49.73,1.7
448,Belmonte,12,BR,2022-03-27 18:37:26,66,-15.8631,-38.8828,82.74,8.23
449,Diamantina,64,BR,2022-03-27 18:37:27,57,-18.2494,-43.6003,77.22,6.38
450,Griffith,40,US,2022-03-27 18:33:35,54,41.5284,-87.4237,36.05,11.5
451,Genhe,100,CN,2022-03-27 18:37:28,95,50.7833,121.5167,13.46,2.91
452,Sault Sainte Marie,75,CA,2022-03-27 18:33:31,57,46.5168,-84.3333,12.49,24.16
453,Arlit,7,NE,2022-03-27 18:38:29,4,18.7369,7.3853,83.68,11.88
454,Ancud,50,CL,2022-03-27 18:38:29,74,-41.8697,-73.8203,54.23,15.37
455,Methven,0,NZ,2022-03-27 18:38:30,99,-43.6333,171.65,50.92,3.29
456,Celestun,0,MX,2022-03-27 18:38:30,48,20.8667,-90.4,80.65,10.07
457,Katima Mulilo,57,NA,2022-03-27 18:38:31,66,-17.5,24.2667,73.58,3.4
458,Dongsheng,6,CN,2022-03-27 18:38:31,35,39.8161,109.9776,33.03,9.06
459,Rimavska Sobota,8,SK,2022-03-27 18:34:17,57,48.3828,20.0224,52.66,2.73
460,Mahajanga,20,MG,2022-03-27 18:38:32,94,-15.7167,46.3167,78.82,1.14
461,Zhigansk,94,RU,2022-03-27 18:38:32,100,66.7697,123.3711,-3.51,2.37
462,The Valley,20,AI,2022-03-27 18:38:33,73,18.217,-63.0578,80.46,14.97
463,Mkushi,100,ZM,2022-03-27 18:38:33,97,-13.6202,29.3939,66.04,3.87
464,Heihe,56,CN,2022-03-27 18:38:34,87,50.2441,127.4902,21.78,3.65
465,Balabac,89,PH,2022-03-27 18:38:34,84,7.9868,117.0645,78.8,3.6
466,Sorong,100,ID,2022-03-27 18:38:35,81,-0.8833,131.25,80.15,0.89
467,Little Current,100,CA,2022-03-27 18:38:35,50,45.9793,-81.9248,18.41,16.28
468,Ust-Omchug,84,RU,2022-03-27 18:38:36,100,61.15,149.6333,-18.09,3.98
469,Pisco,0,PE,2022-03-27 18:38:36,57,-13.7,-76.2167,77.05,5.75
470,Camacupa,100,AO,2022-03-27 18:38:36,97,-12.0167,17.4833,63.21,3.98
471,Saint-Leu,63,RE,2022-03-27 18:38:37,82,-21.15,55.2833,77.86,4.25
472,Alakurtti,37,RU,2022-03-27 18:38:37,89,66.9672,30.3491,14.31,1.5
473,Mehamn,96,NO,2022-03-27 18:38:38,72,71.0357,27.8492,21.11,3.56
474,Wajid,93,SO,2022-03-27 18:38:38,26,3.8093,43.2471,86.61,10.98
475,Tautira,63,PF,2022-03-27 18:38:39,75,-17.7333,-149.15,81.48,15.03
476,Banjarmasin,84,ID,2022-03-27 18:38:39,94,-3.3244,114.591,73.54,1.36
477,Samana,40,DO,2022-03-27 18:38:40,62,19.2056,-69.3369,89.82,6.91
478,Baker City,0,US,2022-03-27 18:37:34,50,44.7749,-117.8344,58.64,0.0
479,Poronaysk,100,RU,2022-03-27 18:38:41,81,49.2167,143.1167,25.88,9.48
480,Pemangkat,100,ID,2022-03-27 18:38:41,88,1.1667,108.9667,76.51,3.85
481,Kutum,0,SD,2022-03-27 18:38:42,9,14.2,24.6667,68.07,15.9
482,Price,0,US,2022-03-27 18:38:42,15,39.5994,-110.8107,69.12,8.05
483,Tessalit,30,ML,2022-03-27 18:38:43,9,20.1986,1.0114,88.97,10.25
484,Armidale,100,AU,2022-03-27 18:33:55,98,-30.5167,151.65,56.64,3.13
485,Bathsheba,20,BB,2022-03-27 18:38:44,58,13.2167,-59.5167,86.61,19.57
486,Hanzhong,6,CN,2022-03-27 18:38:44,69,33.0728,107.0303,53.22,1.16
487,Caravelas,1,BR,2022-03-27 18:38:45,63,-17.7125,-39.2481,82.92,8.86
488,Athens,0,GR,2022-03-27 18:35:46,68,37.9795,23.7162,59.18,1.01
489,Imbituba,8,BR,2022-03-27 18:38:45,67,-28.24,-48.6703,74.71,6.55
490,Sao Filipe,100,CV,2022-03-27 18:38:46,73,14.8961,-24.4956,70.84,11.79
491,Chunoyar,100,RU,2022-03-27 18:38:46,100,57.4467,97.3217,-0.4,3.65
492,Liverpool,40,GB,2022-03-27 18:34:56,72,53.4106,-2.9779,59.29,5.75
493,Berkakit,100,RU,2022-03-27 18:38:47,97,56.5807,124.7681,6.87,4.88
494,Monrovia,100,LR,2022-03-27 18:38:47,82,6.3005,-10.7969,83.97,10.54
495,Tomatlan,69,MX,2022-03-27 18:38:48,18,19.9333,-105.25,91.85,9.69
496,Carballo,100,ES,2022-03-27 18:38:48,71,43.213,-8.691,65.62,1.19
497,Necochea,0,AR,2022-03-27 18:38:49,59,-38.5473,-58.7368,67.53,18.07
498,Daman,23,IN,2022-03-27 18:38:49,74,20.4167,72.85,79.68,3.83
499,Isangel,17,VU,2022-03-27 18:37:47,86,-19.55,169.2667,77.09,7.34
500,Kassala,8,SD,2022-03-27 18:38:50,38,15.451,36.4,80.92,11.48
501,San Patricio,100,US,2022-03-27 18:39:50,34,28.017,-97.5169,84.29,16.55
502,Wewak,99,PG,2022-03-27 18:39:51,85,-3.5534,143.6268,78.67,7.05
503,Ondjiva,12,AO,2022-03-27 18:39:51,38,-17.0667,15.7333,73.78,4.85
504,Lazaro Cardenas,68,MX,2022-03-27 18:38:07,34,17.9583,-102.2,85.59,9.55
505,Mayo,100,US,2022-03-27 18:39:52,46,38.8876,-76.5119,45.55,16.11
506,Tieli,85,CN,2022-03-27 18:39:52,82,46.95,128.05,28.42,4.43
507,Bartica,100,GY,2022-03-27 18:39:53,58,6.4,-58.6167,86.32,7.2
508,Salaya,5,IN,2022-03-27 18:39:53,62,22.3167,69.6,79.59,10.92
509,Ekhabi,100,RU,2022-03-27 18:39:54,87,53.5102,142.9671,14.88,20.85
510,Valdosta,0,US,2022-03-27 18:39:54,25,30.8327,-83.2785,75.11,14.97
511,Kokkola,100,FI,2022-03-27 18:39:55,91,63.8385,23.1307,25.03,16.11
512,Sampit,91,ID,2022-03-27 18:39:55,97,-2.5333,112.95,74.5,1.52
513,Sept-Iles,100,CA,2022-03-27 18:39:56,89,50.2001,-66.3821,35.06,2.3
514,Suwannaphum,100,TH,2022-03-27 18:39:56,77,15.6035,103.8021,78.85,10.09
515,Walvis Bay,10,NA,2022-03-27 18:39:57,83,-22.9575,14.5053,63.09,5.93
516,Quesnel,100,CA,2022-03-27 18:36:12,93,52.9999,-122.5029,36.1,8.05
517,Springdale,0,US,2022-03-27 18:35:48,35,36.1867,-94.1288,62.55,13.8
518,Quincy,75,US,2022-03-27 18:39:29,45,42.2529,-71.0023,51.12,13.8
519,Robertson,0,US,2022-03-27 18:39:58,39,36.5167,-86.8667,50.76,9.22
520,Olafsvik,100,IS,2022-03-27 18:39:58,68,64.8945,-23.7142,33.13,23.29
521,Kloulklubed,100,PW,2022-03-27 18:39:59,79,7.0419,134.2556,79.3,18.9
522,Stromness,1,GB,2022-03-27 18:39:59,81,58.965,-3.296,48.16,5.99
523,Lewistown,75,US,2022-03-27 18:40:00,74,40.5992,-77.5714,35.15,16.11
524,Turukhansk,100,RU,2022-03-27 18:40:00,100,65.8167,87.9833,-11.78,4.0
525,Dwarka,6,IN,2022-03-27 18:40:01,68,22.2394,68.9678,79.56,12.1
526,Sisimiut,14,GL,2022-03-27 18:40:02,69,66.9395,-53.6735,31.17,8.63
527,Wanganui,50,NZ,2022-03-27 18:38:31,86,-39.9333,175.05,54.59,5.01
528,Ryotsu,100,JP,2022-03-27 18:40:03,72,38.0833,138.4333,44.46,23.15
529,Kapuskasing,100,CA,2022-03-27 18:40:04,61,49.4169,-82.4331,6.89,17.27
530,Voznesenskaya,100,RU,2022-03-27 18:40:05,93,44.5527,41.0318,32.86,20.87
531,Deputatskiy,38,RU,2022-03-27 18:40:06,92,69.3,139.9,-13.25,5.44
532,Bunia,41,CD,2022-03-27 18:40:06,76,1.5667,30.25,66.72,1.81
533,Gisors,0,FR,2022-03-27 18:40:07,56,49.2818,1.7801,63.59,6.04
534,Beringovskiy,83,RU,2022-03-27 18:40:07,100,63.05,179.3167,-7.04,5.91
535,Taltal,24,CL,2022-03-27 18:40:08,65,-25.4,-70.4833,71.53,8.05
536,Yendi,17,GH,2022-03-27 18:40:09,24,9.4427,-0.0099,97.14,4.83
537,Myaundzha,78,RU,2022-03-27 18:40:09,100,63.0494,147.1858,-23.17,3.96
538,Marsa Matruh,0,EG,2022-03-27 18:40:10,75,31.3525,27.2453,59.22,6.42
539,Bonavista,100,CA,2022-03-27 18:36:00,91,48.6499,-53.1147,31.77,13.76
540,La Palma,40,US,2022-03-27 18:40:10,61,33.8464,-118.0467,72.81,8.05
541,Emba,100,KZ,2022-03-27 18:40:11,89,48.8264,58.1442,30.47,12.75
542,Marystown,100,CA,2022-03-27 18:40:12,100,47.1666,-55.1483,40.86,7.0
543,Sijunjung,67,ID,2022-03-27 18:40:12,80,-0.6876,100.9537,71.06,2.13
544,Yate,3,GB,2022-03-27 18:40:13,82,51.5407,-2.4184,54.12,1.01
545,Maunabo,60,PR,2022-03-27 18:40:13,61,18.0072,-65.8993,86.04,6.62
546,Encruzilhada,85,BR,2022-03-27 18:40:13,41,-15.5314,-40.9094,87.31,9.37
547,Nuuk,100,GL,2022-03-27 18:40:14,44,64.1835,-51.7216,38.01,2.3
548,Tamandare,100,BR,2022-03-27 18:40:15,80,-8.7597,-35.1047,81.28,8.46
549,Diffa,91,NE,2022-03-27 18:40:15,11,13.3154,12.6113,78.44,9.82
550,Makakilo City,20,US,2022-03-27 18:41:16,74,21.3469,-158.0858,73.72,6.91
551,Towada,92,JP,2022-03-27 18:41:18,91,40.6127,141.2067,38.21,6.6
552,Mandalgovi,100,MN,2022-03-27 18:41:19,30,45.7625,106.2708,34.3,7.87
